{
	"info": {
		"_postman_id": "04f01eed-f6ad-4813-b240-97a515acc5e7",
		"name": "Challenge-Chapter-6",
		"schema": "https://schema.getpostman.com/json/collection/v2.1.0/collection.json",
		"_exporter_id": "28193468"
	},
	"item": [
		{
			"name": "get cars",
			"request": {
				"method": "GET",
				"header": [
					{
						"key": "Authorization",
						"value": "bearer {{token}}",
						"type": "text"
					}
				],
				"url": {
					"raw": "{{baseURL}}/api/cars/",
					"host": [
						"{{baseURL}}"
					],
					"path": [
						"api",
						"cars",
						""
					]
				}
			},
			"response": []
		},
		{
			"name": "get car by id",
			"request": {
				"method": "GET",
				"header": [
					{
						"key": "Authorization",
						"value": "bearer {{token}}",
						"type": "text"
					}
				],
				"url": {
					"raw": "{{baseURL}}/api/cars/1",
					"host": [
						"{{baseURL}}"
					],
					"path": [
						"api",
						"cars",
						"1"
					]
				}
			},
			"response": []
		},
		{
			"name": "get available cars",
			"request": {
				"method": "GET",
				"header": [
					{
						"key": "Authorization",
						"value": "bearer {{token}}",
						"type": "text"
					}
				],
				"url": {
					"raw": "{{baseURL}}/api/cars/available",
					"host": [
						"{{baseURL}}"
					],
					"path": [
						"api",
						"cars",
						"available"
					]
				}
			},
			"response": []
		},
		{
			"name": "add car",
			"request": {
				"method": "POST",
				"header": [
					{
						"key": "Authorization",
						"value": "bearer {{token}}",
						"type": "text"
					}
				],
				"body": {
					"mode": "raw",
					"raw": "{\r\n  \"name\": \"Agya\",\r\n  \"cost\": 150000,\r\n  \"size\": \"Small\",\r\n  \"available\": true,\r\n  \"created_by\": \"admin@gmail.com\",\r\n  \"updated_by\": \"admin@gmail.com\"\r\n}",
					"options": {
						"raw": {
							"language": "json"
						}
					}
				},
				"url": {
					"raw": "{{baseURL}}/api/cars/",
					"host": [
						"{{baseURL}}"
					],
					"path": [
						"api",
						"cars",
						""
					]
				}
			},
			"response": []
		},
		{
			"name": "delete car",
			"request": {
				"method": "DELETE",
				"header": [
					{
						"key": "Authorization",
						"value": "bearer {{token}}",
						"type": "text"
					}
				],
				"url": {
					"raw": "{{baseURL}}/api/cars/3",
					"host": [
						"{{baseURL}}"
					],
					"path": [
						"api",
						"cars",
						"3"
					]
				}
			},
			"response": []
		},
		{
			"name": "update car",
			"request": {
				"method": "PUT",
				"header": [
					{
						"key": "Authorization",
						"value": "bearer {{token}}",
						"type": "text"
					}
				],
				"body": {
					"mode": "raw",
					"raw": "{\r\n    \"cost\" : 850000,\r\n    \"available\" : false,\r\n    \"size\": \"Medium\"\r\n}",
					"options": {
						"raw": {
							"language": "json"
						}
					}
				},
				"url": {
					"raw": "http://localhost:8000/api/cars/2",
					"protocol": "http",
					"host": [
						"localhost"
					],
					"port": "8000",
					"path": [
						"api",
						"cars",
						"2"
					]
				}
			},
			"response": []
		},
		{
			"name": "login",
			"event": [
				{
					"listen": "test",
					"script": {
						"exec": [
							"const token = pm.response.json().token\r",
							"pm.collectionVariables.set('token',token)"
						],
						"type": "text/javascript"
					}
				}
			],
			"request": {
				"method": "POST",
				"header": [],
				"body": {
					"mode": "raw",
					"raw": "{\r\n  \"email\": \"admin1@gmail.com\",\r\n  \"password\": \"admin1\"\r\n}",
					"options": {
						"raw": {
							"language": "json"
						}
					}
				},
				"url": {
					"raw": "http://localhost:8000/api/auth/login",
					"protocol": "http",
					"host": [
						"localhost"
					],
					"port": "8000",
					"path": [
						"api",
						"auth",
						"login"
					]
				}
			},
			"response": []
		},
		{
			"name": "register",
			"request": {
				"method": "POST",
				"header": [],
				"body": {
					"mode": "raw",
					"raw": "{\r\n  \"email\": \"member1@gmail.com\",\r\n  \"username\": \"Member 1\",\r\n  \"password\": \"member1\"\r\n}",
					"options": {
						"raw": {
							"language": "json"
						}
					}
				},
				"url": {
					"raw": "{{baseURL}}/api/auth/register",
					"host": [
						"{{baseURL}}"
					],
					"path": [
						"api",
						"auth",
						"register"
					]
				}
			},
			"response": []
		},
		{
			"name": "register admin",
			"request": {
				"method": "POST",
				"header": [
					{
						"key": "Authorization",
						"value": "bearer {{token}}",
						"type": "text"
					}
				],
				"url": {
					"raw": "{{baseURL}}/api/auth/register-admin",
					"host": [
						"{{baseURL}}"
					],
					"path": [
						"api",
						"auth",
						"register-admin"
					]
				}
			},
			"response": []
		},
		{
			"name": "profile",
			"request": {
				"method": "GET",
				"header": [
					{
						"key": "Authorization",
						"value": "bearer {{token}}",
						"type": "text"
					}
				],
				"url": {
					"raw": "http://localhost:8000/api/auth/profile",
					"protocol": "http",
					"host": [
						"localhost"
					],
					"port": "8000",
					"path": [
						"api",
						"auth",
						"profile"
					]
				}
			},
			"response": []
		}
	],
	"event": [
		{
			"listen": "prerequest",
			"script": {
				"type": "text/javascript",
				"exec": [
					""
				]
			}
		},
		{
			"listen": "test",
			"script": {
				"type": "text/javascript",
				"exec": [
					""
				]
			}
		}
	],
	"variable": [
		{
			"key": "token",
			"value": "",
			"type": "string"
		},
		{
			"key": "baseURL",
			"value": "http://localhost:8000",
			"type": "string"
		}
	]
}